{
  "name": "talisdice",
  "title": "Talis Dice",
  "description": "Talis dice set for Dice So Nice",
  "authors": [
    {
      "name": "Talis"
    }
  ],
  "url": "https://github.com/talissar/talisdice",
  "flags": {},
  "version": "1.0.2",
  "minimumCoreVersion": "0.8.4",
  "compatibleCoreVersion": "0.8.9",
  "scripts": [
    "scripts/talisdice.js"
  ],
  "esmodules": [],
  "styles": [],
  "languages": [],
  "packs": [],
  "system": [],
  "dependencies": [
    {
      "name": "dice-so-nice",
      "manifest": "https://gitlab.com/riccisi/foundryvtt-dice-so-nice/raw/master/module/module.json",
      "type": "module"
    }
  ],
  "socket": false,
  "manifest": "https://github.com/talissar/talisdice/releases/download/1.0.3/module.json",
  "download": "https://github.com/talissar/talisdice/releases/download/1.0.3/talisdice.zip",
  "protected": false,
  "coreTranslation": false,
  "library": "false",
  
  "media": [
	{
		"type": "screenshot",
		"url": "https://raw.githubusercontent.com/talissar/talisdice/main/pics/BlackSwirl.webp",
		"caption": "Black Swirl"
	},
	{
		"type": "screenshot",
		"url": "https://raw.githubusercontent.com/talissar/talisdice/main/pics/PurpleBlack.webp",
		"caption": "Purple and Black"
	},
	{
		"type": "screenshot",
		"url": "https://raw.githubusercontent.com/talissar/talisdice/main/pics/RedWhite.webp",
		"caption": "Red and White"
	}
  ]
  
}