{
	"name": "talisdice",
	"title": "Talis Dice",
	"description": "Talis dice set for Dice So Nice",
	"version": "1.0.0",
	"library": "false",
	"minimumCoreVersion": "0.7.9",
	"compatibleCoreVersion": "0.8.9",
	"authors": [{
			"name": "Talis",
			"discord": ""
		}
	],
	"dependencies": [
        {
            "name": "dice-so-nice",
            "manifest": "https://gitlab.com/riccisi/foundryvtt-dice-so-nice/raw/master/module/module.json"
        }
    ],
	"scripts":[
		"scripts/talisdice.js"
	
	],
	
	"url": "https://github.com/talissar/talisdice",
	"manifest": "https://github.com/talissar/talisdice/blob/main/module.json",
	"download": "https://github.com/talissar/talisdice/raw/main/talisdice.zip"

	]
}