{
  "id": "talisdice",
  "name": "talisdice",
  "title": "Talis Dice",
  "description": "Talis dice set for Dice So Nice",
  "authors": [
    {
      "name": "Talis"
    }
  ],
  "url": "https://github.com/mrprimate/talisdice",
  "version": "1.0.6",
  "minimumCoreVersion": "0.8.4",
  "compatibleCoreVersion": "0.8.9",
  "compatibility": {
    "minimum": "0.8.4",
    "verified": "11",
    "maximum": ""
  },
  "scripts": ["scripts/talisdice.js"],
  "dependencies": [
    {
      "name": "dice-so-nice",
      "manifest": "https://gitlab.com/riccisi/foundryvtt-dice-so-nice/raw/master/module/module.json",
      "type": "module"
    }
  ],
  "manifest": "https://github.com/mrprimate/talisdice/releases/download/1.0.6/module.json",
  "download": "https://github.com/mrprimate/talisdice/releases/download/1.0.6/talisdice.zip",
  "library": "false",

  "media": [
    {
      "type": "screenshot",
      "url": "https://raw.githubusercontent.com/mrprimate/talisdice/main/pics/BlackSwirl.webp",
      "caption": "Black Swirl"
    },
    {
      "type": "screenshot",
      "url": "https://raw.githubusercontent.com/mrprimate/talisdice/main/pics/PurpleBlack.webp",
      "caption": "Purple and Black"
    },
    {
      "type": "screenshot",
      "url": "https://raw.githubusercontent.com/mrprimate/talisdice/main/pics/RedWhite.webp",
      "caption": "Red and White"
    }
  ]
}
